206.223.119.0/24	Equinix Chicago	Chicago	US	North America	https://ix.equinix.com	https://www.peeringdb.com/ix/2
206.223.118.0/24	Equinix Dallas	Dallas	US	North America	https://ix.equinix.com	https://www.peeringdb.com/ix/3
206.223.123.0/24	Equinix Los Angeles	Los Angeles	US	North America	https://ix.equinix.com	https://www.peeringdb.com/ix/4
206.223.116.0/24	Equinix San Jose	San Jose	US	North America	https://ix.equinix.com	https://www.peeringdb.com/ix/5
198.32.176.0/24	Equinix Palo Alto	Palo Alto	US	North America	https://ix.equinix.com	https://www.peeringdb.com/ix/7
198.32.175.0/24	Equinix Palo Alto	Palo Alto	US	North America	https://ix.equinix.com	https://www.peeringdb.com/ix/7
198.32.177.0/24	Equinix Palo Alto	Palo Alto	US	North America	https://ix.equinix.com	https://www.peeringdb.com/ix/7
198.32.114.0/24	Equinix Miami	Miami	US	North America	https://ix.equinix.com	https://www.peeringdb.com/ix/593
198.32.182.0/24	Equinix Atlanta	Atlanta	US	North America	https://ix.equinix.com	https://www.peeringdb.com/ix/9
198.32.181.0/24	Equinix Toronto	Toronto	CA	North America	https://ix.equinix.com	https://www.peeringdb.com/ix/373
198.32.190.0/24	Equinix Vienna (VA)	Vienna	US	North America	https://ix.equinix.com	https://www.peeringdb.com/ix/10
198.32.191.0/24	Equinix Vienna (VA)	Vienna	US	North America	https://ix.equinix.com	https://www.peeringdb.com/ix/10
198.32.192.0/24	Equinix Vienna (VA)	Vienna	US	North America	https://ix.equinix.com	https://www.peeringdb.com/ix/10
198.32.134.0/24	Equinix Seattle	Seattle	US	North America	https://ix.equinix.com	https://www.peeringdb.com/ix/11
198.32.133.0/24	Equinix Seattle	Seattle	US	North America	https://ix.equinix.com	https://www.peeringdb.com/ix/11
198.32.118.0/24	Equinix New York	New York	US	North America	https://ix.equinix.com	https://www.peeringdb.com/ix/12
198.32.119.0/24	Equinix New York	New York	US	North America	https://ix.equinix.com	https://www.peeringdb.com/ix/12
206.81.80.0/23	SIX Seattle	Seattle	US	North America	https://www.seattleix.net/	https://www.peeringdb.com/ix/13
206.81.82.0/23	SIX Seattle (Jumbo)	Seattle	US	North America	https://www.seattleix.net/	https://www.peeringdb.com/ix/1285
198.32.160.0/24	NYIIX	New York	US	North America	http://www.nyiix.net/	https://www.peeringdb.com/ix/14
198.32.187.0/24	MAE East	No. VA & NYC	US	North America	http://www.mae.net	https://www.peeringdb.com/ix/15
198.32.200.0/24	MAE West	San Jose & Los Angeles	US	North America	http://www.mae.net	https://www.peeringdb.com/ix/16
198.32.124.0/23	NOTA	Miami	US	North America	http://www.verizonenterprise.com	https://www.peeringdb.com/ix/17
195.66.224.0/22	LINX LON1	London	GB	Europe	https://www.linx.net/	https://www.peeringdb.com/ix/18
195.66.230.0/26	LINX LON1	London	GB	Europe	https://www.linx.net/	https://www.peeringdb.com/ix/18
198.32.139.0/24	MAE Central	Dallas & Chicago	US	North America	http://www.mae.net	https://www.peeringdb.com/ix/20
198.32.212.0/24	IX Australia WA	Perth/WA	AU	Australia	http://www.waia.asn.au/waix	https://www.peeringdb.com/ix/21
198.32.132.0/24	Digital Realty | Telx Atlanta	Atlanta	US	North America	http://ix.digitalrealty.com	https://www.peeringdb.com/ix/22
198.32.146.0/24	LAIIX	Los Angeles	US	North America	http://www.laiix.net/	https://www.peeringdb.com/ix/23
198.32.178.0/24	MXP	Boston	US	North America	http://www.bmxp.net/	https://www.peeringdb.com/ix/25
194.42.48.0/25	Equinix Zurich	Zurich	CH	Europe	https://ix.equinix.com	https://www.peeringdb.com/ix/29
210.171.224.0/24	JPIX	Tokyo	JP	Asia Pacific	http://www.jpix.ad.jp/	https://www.peeringdb.com/ix/30
80.81.192.0/22	DE-CIX Frankfurt	Frankfurt	DE	Europe	https://www.de-cix.net/locations/germany/frankfurt	https://www.peeringdb.com/ix/31
198.32.129.0/24	SFIX	San Francisco	US	North America	http://www.sfix.org/	https://www.peeringdb.com/ix/32
194.68.129.0/24	SFINX	Paris	FR	Europe	http://www.sfinx.fr/	https://www.peeringdb.com/ix/34
193.54.79.0/24	SFINX	Paris	FR	Europe	http://www.sfinx.fr/	https://www.peeringdb.com/ix/34
217.29.66.0/23	MIX-IT	Milan	IT	Europe	http://www.mix-it.net/	https://www.peeringdb.com/ix/35
198.32.247.0/24	PARIX	Paris	FR	Europe	http://www.parix.net/	https://www.peeringdb.com/ix/40
193.251.216.0/24	PARIX	Paris	FR	Europe	http://www.parix.net/	https://www.peeringdb.com/ix/40
193.252.127.0/24	PARIX	Paris	FR	Europe	http://www.parix.net/	https://www.peeringdb.com/ix/40
198.32.229.0/24	NYCX	New York	US	North America	http://www.nycx.net/	https://www.peeringdb.com/ix/41
210.62.255.0/24	TWIX	Taipei	TW	Asia Pacific	http://www.twix.net	https://www.peeringdb.com/ix/43
202.0.91.0/24	Manila IX	Manila 	PH	Asia Pacific	http://www.etpi.com/Products/index.asp?ID=39&MCID=3	https://www.peeringdb.com/ix/44
193.242.111.0/25	INEX LAN1	Dublin	IE	Europe	https://www.inex.ie/	https://www.peeringdb.com/ix/48
193.203.0.0/23	VIX	Vienna	AT	Europe	http://www.vix.at	https://www.peeringdb.com/ix/50
195.35.120.0/24	LONAP	London	GB	Europe	https://www.lonap.net/	https://www.peeringdb.com/ix/53
193.188.137.0/24	BiX	Budapest	HU	Europe	http://www.bix.hu/	https://www.peeringdb.com/ix/55
195.85.203.0/24	FreeBIX	Belgium	BE	Europe	http://www.freebix.net/	https://www.peeringdb.com/ix/58
194.53.172.0/25	BNIX	Brussels	BE	Europe	http://www.bnix.be	https://www.peeringdb.com/ix/59
91.206.52.0/23	SwissIX	Zurich	CH	Europe	https://www.swissix.ch/	https://www.peeringdb.com/ix/60
193.239.116.0/22	NL-IX	Amsterdam	NL	Europe	http://www.nl-ix.net/	https://www.peeringdb.com/ix/64
194.246.39.224/27	NL-IX	Amsterdam	NL	Europe	http://www.nl-ix.net/	https://www.peeringdb.com/ix/64
193.136.250.0/24	GigaPix	Lisbon	PT	Europe	http://www.fccn.pt/	https://www.peeringdb.com/ix/72
194.59.190.0/24	INXS by ecix	Munich	DE	Europe	https://www.ecix.net	https://www.peeringdb.com/ix/73
80.81.203.0/24	DE-CIX Hamburg	Hamburg	DE	Europe	https://www.de-cix.net/locations/germany/hamburg	https://www.peeringdb.com/ix/74
193.111.172.0/24	GN-IX	Groningen	NL	Europe	http://www.gn-ix.net/	https://www.peeringdb.com/ix/76
193.168.127.0/24	LIX	Luxemburg	LU	Europe	http://www.lix.lu	https://www.peeringdb.com/ix/77
192.38.7.0/24	DIX	Copenhagen	DK	Europe	http://www.dix.dk/	https://www.peeringdb.com/ix/78
198.17.46.0/24	SD-NAP	San Diego	US	North America	http://www.sdsc.edu/sdnap/	https://www.peeringdb.com/ix/81
207.231.241.0/24	PacificWave	West Coast	US	North America	http://www.pacificwave.net/	https://www.peeringdb.com/ix/82
193.156.90.0/24	NIX	Oslo	NO	Europe	http://www.uio.no/nix/	https://www.peeringdb.com/ix/83
193.178.185.0/24	BCIX	Berlin	DE	Europe	http://www.bcix.de/	https://www.peeringdb.com/ix/87
210.184.127.0/24	iAIX	Hong Kong	HK	Asia Pacific	http://www.iadvantage.net	https://www.peeringdb.com/ix/88
144.92.233.224/27	MadIX	Madison	US	North America	http://kb.wisc.edu/ns/page.php?id=6636	https://www.peeringdb.com/ix/89
194.146.118.0/24	ECIX-DUS	Duesseldorf	DE	Europe	https://www.ecix.net/	https://www.peeringdb.com/ix/91
202.249.2.0/24	DIX-IE	Tokyo	JP	Asia Pacific	http://nspixp.wide.ad.jp/	https://www.peeringdb.com/ix/92
198.32.141.0/24	SOX	Singapore	SG	Asia Pacific	http://www.sox.net.sg/	https://www.peeringdb.com/ix/93
45.127.172.0/22	Equinix Sydney	Sydney	AU	Australia	https://ix.equinix.com	https://www.peeringdb.com/ix/94
195.85.195.0/24	WIX	Warsaw	PL	Europe	http://www.wix.net.pl/	https://www.peeringdb.com/ix/96
193.110.224.0/24	FICIX Helsinki	Helsinki	FI	Europe	http://www.ficix.fi/	https://www.peeringdb.com/ix/98
218.100.2.0/24	PIPE Networks Sydney	Sydney/NSW	AU	Australia	http://www.pipenetworks.com	https://www.peeringdb.com/ix/105
218.100.0.0/24	PIPE Networks Brisbane	BRISBANE	AU	Australia	http://www.pipenetworks.com	https://www.peeringdb.com/ix/110
218.100.13.0/24	PIPE Networks Melbourne	Melbourne	AU	Australia	http://www.pipenetworks.com	https://www.peeringdb.com/ix/111
218.100.19.0/24	PIPE Networks Canberra	CANBERRA	AU	Australia	http://www.pipenetworks.com	https://www.peeringdb.com/ix/113
218.100.12.0/24	PIPE Networks Hobart	HOBART	AU	Australia	http://www.pipenetworks.com	https://www.peeringdb.com/ix/114
194.116.96.0/24	TOP-IX	Turin	IT	Europe	http://www.top-ix.org	https://www.peeringdb.com/ix/115
194.116.100.0/24	TOP-IX	Turin	IT	Europe	http://www.top-ix.org	https://www.peeringdb.com/ix/115
200.136.34.0/24	NDB	Barueri / São Paulo	BR	South America	http://www.verizon.com	https://www.peeringdb.com/ix/119
193.201.28.0/25	NaMeX	Rome	IT	Europe	http://www.namex.it	https://www.peeringdb.com/ix/121
193.201.29.0/25	NaMeX	Rome	IT	Europe	http://www.namex.it	https://www.peeringdb.com/ix/121
193.189.82.0/23	KleyReX	Frankfurt am Main	DE	Europe	http://www.kleyrex.net/	https://www.peeringdb.com/ix/123
218.100.6.0/24	BBIX Tokyo	Tokyo	JP	Asia Pacific	http://www.bbix.net/	https://www.peeringdb.com/ix/126
193.110.13.0/24	SOLIX	Stockholm	SE	Europe	http://www.solix.se/	https://www.peeringdb.com/ix/128
193.110.12.0/24	SOLIX	Stockholm	SE	Europe	http://www.solix.se/	https://www.peeringdb.com/ix/128
194.165.32.0/24	GIX Gothenburg	Gothenburg	SE	Europe	http://www.gix.se	https://www.peeringdb.com/ix/146
198.32.238.0/24	BigApe	New York	US	North America	http://www.bigape.us	https://www.peeringdb.com/ix/151
202.78.121.0/24	BAYANTEL	Quezon City	PH	Asia Pacific	http://www.bayantel.com.ph	https://www.peeringdb.com/ix/154
206.197.187.0/24	SFMIX	San Francisco	US	North America	http://www.sfmix.org/	https://www.peeringdb.com/ix/155
195.60.84.128/25	MerieX	London	GB	Europe	http://www.meriex.net	https://www.peeringdb.com/ix/161
198.32.195.0/24	NWAX	Portland/Oregon	US	North America	http://www.nwax.net	https://www.peeringdb.com/ix/165
194.54.92.0/25	OCIX Duesseldorf	Duesseldorf	DE	Europe	http://www.opencarrier.eu/	https://www.peeringdb.com/ix/170
192.121.80.0/24	STHIX (Stockholm IX)	Stockholm	SE	Europe	http://www.sthix.net/	https://www.peeringdb.com/ix/172
195.35.65.0/24	UA-IX	Kiev	UA	Europe	http://www.ua-ix.net.ua/eng	https://www.peeringdb.com/ix/184
206.223.127.0/25	PIX Vancouver	Vancouver	CA	North America	http://www.peer1.com	https://www.peeringdb.com/ix/195
206.51.40.0/24	CoreSite - Any2 NorthEast	DC/Reston/Boston/New York	US	North America	http://www.coresite.com	https://www.peeringdb.com/ix/204
206.51.44.0/24	CoreSite - Any2 Miami	Miami	US	North America	http://www.coresite.com	https://www.peeringdb.com/ix/205
193.189.130.0/24	ENLIX	Manchester	GB	Europe		https://www.peeringdb.com/ix/208
194.9.117.0/24	ECIX-BER	Berlin	DE	Europe	https://www.ecix.net/	https://www.peeringdb.com/ix/209
193.138.31.0/24	BW-IX Stuttgart / S-IX	Stuttgart	DE	Europe	http://www.s-ix.info/	https://www.peeringdb.com/ix/212
206.51.43.0/24	CoreSite - Any2 Chicago	Chicago	US	North America	http://www.coresite.com	https://www.peeringdb.com/ix/226
193.243.183.64/26	MalmIX Malmo / IXOR	Malmö	SE	Europe	http://www.ixor.se	https://www.peeringdb.com/ix/231
80.81.202.0/24	DE-CIX Munich	Munich	DE	Europe	https://www.de-cix.net/locations/germany/munich/statistics	https://www.peeringdb.com/ix/248
206.51.7.0/25	KCIX Kansas City	Kansas City	US	North America	http://www.kcix.net/	https://www.peeringdb.com/ix/249
195.42.144.0/23	Equinix Paris	Paris	FR	Europe	http://www.equinix-ix.fr/	https://www.peeringdb.com/ix/255
198.32.186.0/24	Digital Realty | Telx Phoenix	Phoenix	US	North America	http://ix.digitalrealty.com	https://www.peeringdb.com/ix/256
195.182.218.0/23	PLIX	Warsaw	PL	Europe	http://www.plix.pl/	https://www.peeringdb.com/ix/264
196.223.7.0/24	MEIX	Cairo	EG	Middle East	http://www.gpx.ie/	https://www.peeringdb.com/ix/281
193.42.155.0/24	ECIX-HAM	Hamburg	DE	Europe	https://www.ecix.net/	https://www.peeringdb.com/ix/291
193.156.120.0/24	NIX2	Oslo	NO	Europe	http://www.nix.no/	https://www.peeringdb.com/ix/298
206.126.114.0/24	Digital Realty | Telx Dallas	Dallas	US	North America	http://ix.digitalrealty.com	https://www.peeringdb.com/ix/322
206.126.115.0/24	Digital Realty | Telx New York	New York/New Jersey	US	North America	http://ix.digialrealty.com	https://www.peeringdb.com/ix/325
91.212.235.0/24	OM-NIX	Sofia	BG	Europe	http://www.om-nix.net/	https://www.peeringdb.com/ix/1056
193.169.198.0/23	BIX.BG	Sofia	BG	Europe	http://www.bix.bg/	https://www.peeringdb.com/ix/331
206.51.45.0/24	CoreSite - Any2 New York	New York	US	North America	http://www.coresite.com	https://www.peeringdb.com/ix/332
206.51.42.0/24	CoreSite - Any2 Boston	Boston	US	North America	http://www.coresite.com	https://www.peeringdb.com/ix/333
91.213.236.0/24	TOUIX	Toulouse	FR	Europe	http://www.touix.net/	https://www.peeringdb.com/ix/336
206.51.41.0/24	CoreSite - Any2 Northern California	San Jose/CA	US	North America	http://www.coresite.com	https://www.peeringdb.com/ix/338
93.156.93.0/24	TRDIX	Trondheim	NO	Europe	http://www.nix.no	https://www.peeringdb.com/ix/342
176.126.38.0/25	GR-IX	Athens	GR	Europe	http://www.gr-ix.gr/	https://www.peeringdb.com/ix/347
194.85.107.0/24	MSK-IX Ekaterinburg	Ekaterinburg	RU	Asia Pacific	http://www.msk-ix.ru/en/ix/ekt	https://www.peeringdb.com/ix/350
209.33.201.176/28	SUPRnet	Saint George	US	North America	http://suprnet.net/	https://www.peeringdb.com/ix/363
193.37.144.0/24	AAIX	Klagenfurt	AT	Europe	http://www.aaix.at	https://www.peeringdb.com/ix/377
193.232.135.0/24	MSK-IX Samara	Samara	RU	Europe	http://www.msk-ix.ru/en/ix/smr	https://www.peeringdb.com/ix/379
193.232.140.0/24	MSK-IX Rostov-on-Don	Rostov-on-Don	RU	Europe	http://www.msk-ix.ru/en/ix/rnd	https://www.peeringdb.com/ix/380
194.57.253.128/27	REUNIX	Saint-Denis/La Reunion	RE	Africa	http://www.renater.fr/spip.php?rubrique280	https://www.peeringdb.com/ix/381
62.63.142.0/24	LIX-LV	Riga	LV	Europe	http://www.lix.lv	https://www.peeringdb.com/ix/383
194.88.240.0/25	INEX LAN2	Dublin	IE	Europe	https://www.inex.ie/	https://www.peeringdb.com/ix/387
193.17.78.0/24	MD-IX	Chisinau	MD	Europe	http://www.moldtelecom.md	https://www.peeringdb.com/ix/392
194.190.119.0/24	MSK-IX Kazan	Kazan	RU	Europe	http://www.msk-ix.ru/en/ix/kzn	https://www.peeringdb.com/ix/398
193.219.13.64/26	LIPTAM	Vilnius	LT	Europe	http://is.lt/	https://www.peeringdb.com/ix/400
202.40.160.0/23	HKIX	Hong Kong	HK	Asia Pacific	http://www.hkix.net/	https://www.peeringdb.com/ix/42
196.223.5.0/24	TIX - Tanzania	Dar es Salaam	TZ	Africa	http://tix.or.tz/	https://www.peeringdb.com/ix/361
198.9.201.0/24	NASA-AIX	Mountain View/CA	US	North America	http://www.nasa.gov/centers/ames	https://www.peeringdb.com/ix/428
198.9.202.0/24	NASA-AIX	Mountain View/CA	US	North America	http://www.nasa.gov/centers/ames	https://www.peeringdb.com/ix/428
198.32.136.0/24	NASA-AIX	Mountain View/CA	US	North America	http://www.nasa.gov/centers/ames	https://www.peeringdb.com/ix/428
198.32.153.0/24	NASA-AIX	Mountain View/CA	US	North America	http://www.nasa.gov/centers/ames	https://www.peeringdb.com/ix/428
193.105.214.0/24	GraX	Graz	AT	Europe	http://www.grax.at/	https://www.peeringdb.com/ix/430
193.232.87.0/24	MSK-IX Novosibirsk	Novosibirsk	RU	Asia Pacific	http://www.msk-ix.ru/en/ix/nsk	https://www.peeringdb.com/ix/223
91.217.231.0/24	IX Leeds	Leeds / Western Yorkshire	GB	Europe	http://ixleeds.net	https://www.peeringdb.com/ix/435
193.192.15.64/26	CIX	Zagreb	HR	Europe	http://www.cix.hr/	https://www.peeringdb.com/ix/303
218.100.41.0/24	BIX Jakarta	Jakarta	ID	Asia Pacific	http://www.biznetnetworks.com/en/company/network/biznet-internet-exchange/	https://www.peeringdb.com/ix/452
91.198.176.0/24	FIXO	Oslo	NO	Europe	http://www.fixo.no	https://www.peeringdb.com/ix/453
218.100.27.0/24	OpenIXP / NiCE	Indonesia	ID	Asia Pacific	http://www.openixp.net	https://www.peeringdb.com/ix/375
202.128.12.0/26	GU-IX	Guam	GU	Asia Pacific	http://www.gu-ix.net	https://www.peeringdb.com/ix/463
210.100.3.0/24	PIPE Networks Adelaide	Adelaide	AU	Australia		https://www.peeringdb.com/ix/112
193.149.1.0/25	ESPANIX Lower LAN	Madrid	ES	Europe	http://www.espanix.net	https://www.peeringdb.com/ix/63
119.27.63.0/24	Equinix Hong Kong	Hong Kong	HK	Asia Pacific	https://ix.equinix.com	https://www.peeringdb.com/ix/125
119.110.115.0/24	MCIX - Matrix Networks	Jakarta	ID	Asia Pacific	http://www.nap.net.id	https://www.peeringdb.com/ix/469
119.110.116.0/23	MCIX - Matrix Networks	Jakarta	ID	Asia Pacific	http://www.nap.net.id	https://www.peeringdb.com/ix/469
119.110.118.0/24	MCIX - Matrix Networks	Jakarta	ID	Asia Pacific	http://www.nap.net.id	https://www.peeringdb.com/ix/469
91.192.104.0/24	Lviv-IX	Lviv	UA	Europe	http://www.lviv-ix.net.ua/	https://www.peeringdb.com/ix/475
195.60.89.0/24	CBIX	Brno	CZ	Europe	http://www.cbix.cz/en/	https://www.peeringdb.com/ix/477
194.117.52.128/25	COPHIX	Copenhagen	DK	Europe	http://www.cophix.net	https://www.peeringdb.com/ix/457
203.190.230.0/24	Equinix Tokyo	Tokyo	JP	Asia Pacific	https://ix.equinix.com	https://www.peeringdb.com/ix/167
218.100.44.0/24	MyIX	Kuala Lumpur	MY	Asia Pacific	http://www.myix.my	https://www.peeringdb.com/ix/250
196.216.148.0/24	IXPN Lagos	Lagos	NG	Africa	http://www.ixp.net.ng	https://www.peeringdb.com/ix/488
206.223.120.0/24	AZIX	Phoenix	US	North America	http://www.arizonaix.net/	https://www.peeringdb.com/ix/476
91.210.16.0/22	NIX.CZ	Prague	CZ	Europe	http://www.nix.cz/	https://www.peeringdb.com/ix/71
188.116.45.0/24	GIX Gdansk	Gdansk	PL	Europe	http://www.gix.gda.pl	https://www.peeringdb.com/ix/498
206.123.0.0/24	GTIIX	Toronto	CA	North America	http://www.iixnetworx.net/peer/our-ixps/gtiix/	https://www.peeringdb.com/ix/506
193.242.98.0/24	CATNIX	Barcelona	ES	Europe	http://www.catnix.net	https://www.peeringdb.com/ix/62
193.28.6.0/24	PIRIX	St.Petersburg	RU	Europe	http://www.pirix.ru	https://www.peeringdb.com/ix/512
218.100.78.0/24	IX Australia VIC	Melbourne/Victoria	AU	Australia	http://www.waia.asn.au	https://www.peeringdb.com/ix/513
206.197.131.0/24	COIX	Bend Oregon	US	North America	http://www.centraloregonix.org	https://www.peeringdb.com/ix/514
206.108.34.0/23	TorIX	Toronto	CA	North America	http://www.torix.ca/	https://www.peeringdb.com/ix/24
194.68.123.0/24	Netnod Stockholm	Stockholm	SE	Europe	http://www.netnod.se	https://www.peeringdb.com/ix/70
195.245.240.0/24	Netnod Stockholm	Stockholm	SE	Europe	http://www.netnod.se	https://www.peeringdb.com/ix/70
194.68.128.0/24	Netnod Stockholm	Stockholm	SE	Europe	http://www.netnod.se	https://www.peeringdb.com/ix/70
195.69.119.0/24	Netnod Stockholm	Stockholm	SE	Europe	http://www.netnod.se	https://www.peeringdb.com/ix/70
193.8.61.192/26	CePIX.pl	Mogilno	PL	Europe	http://cepix.pl/	https://www.peeringdb.com/ix/524
196.223.14.0/24	JINX	Johannesburg	ZA	Africa	http://wiki.inx.net.za/	https://www.peeringdb.com/ix/129
196.223.15.0/24	JINX	Johannesburg	ZA	Africa	http://wiki.inx.net.za/	https://www.peeringdb.com/ix/129
196.223.22.0/24	CINX	Cape Town	ZA	Africa	http://wiki.inx.net.za/	https://www.peeringdb.com/ix/344
196.223.23.0/24	CINX	Cape Town	ZA	Africa	http://wiki.inx.net.za/	https://www.peeringdb.com/ix/344
192.168.10.0/24	MOZIX	Maputo	MZ	Africa	http://www.mozix.org.mz	https://www.peeringdb.com/ix/528
193.105.116.0/24	Content-IX	Copenhagen	DK	Europe	http://content-ix.dk/	https://www.peeringdb.com/ix/536
204.107.122.0/25	MKE-IX	Milwaukee	US	North America	http://www.mkeix.net	https://www.peeringdb.com/ix/499
91.220.194.0/24	SIX SI	Ljubljana	SI	Europe	http://www.arnes.si/en/infrastructure/six-internet-exchange.html	https://www.peeringdb.com/ix/319
91.232.229.0/24	Rheintal IX	LI / CH / AT	LI	Europe	http://www.rheintal-ix.net	https://www.peeringdb.com/ix/543
206.197.210.0/24	DRF IX	Honolulu	US	North America	http://www.drfortress.com	https://www.peeringdb.com/ix/267
212.91.0.0/22	Thinx	Warsaw	PL	Europe	http://www.atman.pl	https://www.peeringdb.com/ix/481
206.123.7.0/24	JXIX	Jacksonville	US	North America	http://jxix.org	https://www.peeringdb.com/ix/563
103.246.232.0/24	JPIX OSAKA	Osaka	JP	Asia Pacific	http://www.jpix.ad.jp/	https://www.peeringdb.com/ix/564
206.108.236.0/24	Boston Internet Exchange	Boston/Massachusetts	US	North America	http://www.bostonix.net/	https://www.peeringdb.com/ix/565
192.203.154.0/24	APE	Auckland	NZ	Australia	http://ape.nzix.net/	https://www.peeringdb.com/ix/97
202.7.0.0/23	WIX-NZ	Wellington	NZ	Australia	http://wix.nzix.net/	https://www.peeringdb.com/ix/348
218.100.24.0/24	CHIX-NZ	Christchurch	NZ	Australia	http://chix.nzix.net/	https://www.peeringdb.com/ix/349
218.100.21.0/24	PNIX	Palmerston North	NZ	Australia	http://pnix.nzix.net/	https://www.peeringdb.com/ix/566
193.149.1.128/25	ESPANIX Upper LAN	Madrid	ES	Europe	http://www.espanix.net	https://www.peeringdb.com/ix/1146
200.0.18.0/24	HIX Haiti	Port-au-Prince	HT	South America		https://www.peeringdb.com/ix/573
195.66.236.0/22	LINX LON2	London	GB	Europe	http://www.linx.net/	https://www.peeringdb.com/ix/321
195.149.232.0/23	TPIX	Warsaw	PL	Europe	http://www.tpix.pl/en	https://www.peeringdb.com/ix/482
91.216.67.0/24	FR-IX	Paris	FR	Europe	http://www.fr-ix.fr	https://www.peeringdb.com/ix/410
206.51.30.0/24	NYIIX	New York	US	North America	http://www.nyiix.net/	https://www.peeringdb.com/ix/14
217.29.68.0/23	MIX-IT	Milan	IT	Europe	http://www.mix-it.net/	https://www.peeringdb.com/ix/35
193.105.163.0/24	SOX d.o.o. Serbia	Belgrade/Serbia	RS	Europe	http://www.sox.rs	https://www.peeringdb.com/ix/424
206.223.125.0/25	TP-IX	Duluth	US	North America	http://tp-ix.net	https://www.peeringdb.com/ix/624
206.223.125.128/25	TP-IX	Duluth	US	North America	http://tp-ix.net	https://www.peeringdb.com/ix/624
206.126.236.0/22	Equinix Ashburn	Ashburn	US	North America	https://ix.equinix.com	https://www.peeringdb.com/ix/1
196.223.28.0/24	RDC-IX Kinshasa	Kinshasa	CD	Africa	http://www.ispa-drc.cd/kinix.htm	https://www.peeringdb.com/ix/628
192.65.185.0/24	CIXP	Geneva	CH	Europe	http://www.cixp.net/	https://www.peeringdb.com/ix/33
185.1.8.0/24	UAE-IX	Dubai	AE	Middle East	http://www.uae-ix.net	https://www.peeringdb.com/ix/587
206.123.30.0/24	GCIIX	Chicago	US	North America	http://www.gciix.net	https://www.peeringdb.com/ix/640
5.57.80.0/22	LONAP	London	GB	Europe	https://www.lonap.net/	https://www.peeringdb.com/ix/53
206.51.46.0/24	CoreSite - Any2 Denver 	Denver	US	North America	http://www.coresite.com	https://www.peeringdb.com/ix/254
195.66.244.0/24	IXManchester	Manchester	GB	Europe	http://www.linx.net	https://www.peeringdb.com/ix/583
103.247.139.0/25	AMS-IX Hong Kong	Hong Kong	HK	Asia Pacific	http://www.ams-ix.hk	https://www.peeringdb.com/ix/577
103.16.102.0/23	SGIX	Singapore	SG	Asia Pacific	http://www.sgix.sg	https://www.peeringdb.com/ix/429
218.100.54.0/25	IX Australia SA	Adelaide/SA	AU	Australia	http://www.ix.asn.au	https://www.peeringdb.com/ix/691
62.69.146.0/23	ECIX-FRA	Frankfurt	DE	Europe	https://www.ecix.net	https://www.peeringdb.com/ix/676
81.21.96.0/24	CAIX	Cairo	EG	Middle East	http://www.caix.net.eg/	https://www.peeringdb.com/ix/274
91.194.218.0/24	R_ix	Rotterdam	NL	Europe	http://www.r-ix.nl/	https://www.peeringdb.com/ix/313
200.0.20.0/24	AMS-IX Caribbean	Curacao	CW	South America	http://www.ams-ix.cw/	https://www.peeringdb.com/ix/366
77.95.71.0/24	Lyonix	Lyon	FR	Europe	http://www.lyonix.net/	https://www.peeringdb.com/ix/69
206.108.255.0/24	MICE	Minneapolis/MN	US	North America	http://www.micemn.net	https://www.peeringdb.com/ix/446
91.203.127.0/24	YAR-IX	Yaroslavl	RU	Europe	http://yar-ix.net	https://www.peeringdb.com/ix/683
200.219.139.0/24	IX.br (PTT.br) Belo Horizonte	Belo Horizonte/MG	BR	South America	http://ptt.br	https://www.peeringdb.com/ix/176
200.192.110.0/24	IX.br (PTT.br) Brasília	Brasilia/DF	BR	South America	http://ptt.br	https://www.peeringdb.com/ix/178
200.192.109.0/24	IX.br (PTT.br) Campina Grande	Campina Grande/PB	BR	South America	http://ptt.br	https://www.peeringdb.com/ix/603
187.16.216.0/21	IX.br (PTT.br) São Paulo	Sao Paulo/SP	BR	South America	http://ptt.br	https://www.peeringdb.com/ix/171
200.219.143.0/24	IX.br (PTT.br) Porto Alegre	Porto Alegre/RS	BR	South America	http://ptt.br	https://www.peeringdb.com/ix/173
200.219.140.0/24	IX.br (PTT.br) Curitiba	Curitiba/PR	BR	South America	http://ptt.br	https://www.peeringdb.com/ix/174
200.219.141.0/24	IX.br (PTT.br) Florianópolis	Florianopolis/SC	BR	South America	http://ptt.br	https://www.peeringdb.com/ix/175
200.219.138.0/24	IX.br (PTT.br) Rio de Janeiro	Rio de Janeiro/RJ	BR	South America	http://ptt.br	https://www.peeringdb.com/ix/177
200.219.144.0/24	IX.br (PTT.br) Londrina	Londrina/PR	BR	South America	http://ptt.br	https://www.peeringdb.com/ix/314
200.192.108.0/24	IX.br (PTT.br) Campinas	Campinas/SP	BR	South America	http://ptt.br	https://www.peeringdb.com/ix/415
200.219.145.0/24	IX.br (PTT.br) Salvador	Salvador/BA	BR	South America	http://ptt.br	https://www.peeringdb.com/ix/556
187.16.197.0/24	IX.br (PTT.br) Caxias do Sul	Caxias do Sul/RS	BR	South America	http://ptt.br	https://www.peeringdb.com/ix/558
200.192.111.0/24	IX.br (PTT.br) Goiânia	Goiania/GO	BR	South America	http://ptt.br	https://www.peeringdb.com/ix/575
187.16.192.0/24	IX.br (PTT.br) São José dos Campos	Sao Jose dos Campos/SP	BR	South America	http://ptt.br	https://www.peeringdb.com/ix/638
200.219.147.0/24	IX.br (PTT.br) Recife	Recife/PE	BR	South America	http://ptt.br	https://www.peeringdb.com/ix/705
187.16.194.0/24	IX.br (PTT.br) Vitória	Vitoria/ES	BR	South America	http://ptt.br	https://www.peeringdb.com/ix/706
187.16.198.0/24	IX.br (PTT.br) Manaus	Manaus/AM	BR	South America	http://ptt.br	https://www.peeringdb.com/ix/707
187.16.196.0/24	IX.br (PTT.br) Natal	Natal/RN	BR	South America	http://ptt.br	https://www.peeringdb.com/ix/708
187.16.199.0/24	IX.br (PTT.br) São José do Rio Preto	Sao Jose do Rio Preto/SP	BR	South America	http://ptt.br	https://www.peeringdb.com/ix/709
200.219.146.0/24	IX.br (PTT.br) Fortaleza	Fortaleza/CE	BR	South America	http://ptt.br	https://www.peeringdb.com/ix/710
187.16.195.0/24	IX.br (PTT.br) Belém	Belem/PA	BR	South America	http://ptt.br	https://www.peeringdb.com/ix/711
218.100.52.0/24	IX Australia NSW	Sydney/NSW	AU	Australia	http://www.ix.asn.au	https://www.peeringdb.com/ix/716
218.100.76.0/24	IX Australia QLD	Brisbane/Queensland	AU	Australia	http://www.ix.asn.au	https://www.peeringdb.com/ix/576
193.218.0.0/24	NetIX	Sofia	BG	Europe	http://www.netix.net	https://www.peeringdb.com/ix/699
80.81.199.0/24	DE-CIX Frankfurt	Frankfurt	DE	Europe	https://www.de-cix.net/locations/germany/frankfurt	https://www.peeringdb.com/ix/31
37.49.236.0/23	France-IX	Paris	FR	Europe	https://www.franceix.net	https://www.peeringdb.com/ix/359
91.213.211.0/24	Peering.cz	Prague/Bratislava	CZ	Europe	http://www.peering.cz	https://www.peeringdb.com/ix/713
195.66.246.0/24	IXScotland	Scotland	GB	Europe	http://www.linx.net	https://www.peeringdb.com/ix/745
200.0.22.0/23	OCIX	Philipsburg	SX	South America	http://www.ocix.net	https://www.peeringdb.com/ix/260
185.1.18.0/24	DO-IX	Dortmund	DE	Europe	https://www.do-ix.net	https://www.peeringdb.com/ix/762
206.126.109.0/24	WPGIX	Winnipeg	CA	North America	http://wpgix.net/	https://www.peeringdb.com/ix/776
206.126.235.0/26	OmahaIX	Omaha	US	North America	http://www.omahaix.com	https://www.peeringdb.com/ix/809
103.26.68.0/23	MegaIX Sydney	Sydney	AU	Australia	http://www.megaport.com	https://www.peeringdb.com/ix/780
198.179.18.0/24	QIX	Montreal	CA	North America	http://www.qix.ca	https://www.peeringdb.com/ix/355
206.55.196.0/23	LINX NoVA	Northern Virginia	US	North America	https://www.linx.net/linx-nova	https://www.peeringdb.com/ix/777
84.22.159.0/24	Sibir-IX	Krasnoyarsk	RU	Europe	http://www.sibir-ix.ru/provider	https://www.peeringdb.com/ix/822
206.130.61.0/24	BNIIX	Buffalo	US	North America	http://www.bniix.net	https://www.peeringdb.com/ix/496
206.130.10.0/24	DE-CIX New York	New York / New Jersey	US	North America	https://www.de-cix.net/locations/united-states/new-york	https://www.peeringdb.com/ix/804
206.126.240.0/24	AMS-IX NY	New York	US	North America	http://nynj.ams-ix.net	https://www.peeringdb.com/ix/806
204.228.158.0/24	SLIX	Utah	US	North America	http://slix.net	https://www.peeringdb.com/ix/829
206.72.210.0/23	CoreSite - Any2 California	Los Angeles and Silicon Valley	US	North America	http://www.coresite.com	https://www.peeringdb.com/ix/142
206.108.114.0/24	TPAIX	Tampa	US	North America	http://www.tpaix.net	https://www.peeringdb.com/ix/833
185.1.15.0/24	SH-IX	Fujairah/UAE	AE	Middle East	http://www.smarthubix.ae/	https://www.peeringdb.com/ix/866
194.54.93.0/25	OCIX Frankfurt	Frankfurt	DE	Europe	http://www.opencarrier.eu/	https://www.peeringdb.com/ix/867
217.174.157.0/24	B-IX	Sofia	BG	Europe	http://www.b-ix.net/	https://www.peeringdb.com/ix/326
206.41.105.0/24	Phoenix IX	Phoenix	US	North America	http://www.phoenix-ix.net	https://www.peeringdb.com/ix/662
178.18.230.0/24	DATAIX	St.Petersburg,Moscow,Ekaterinburg,Novosibirs,Omsk,Khabarovsk/RU.	RU	Europe	http://www.dataix.ru	https://www.peeringdb.com/ix/358
178.18.232.0/24	DATAIX	St.Petersburg,Moscow,Ekaterinburg,Novosibirs,Omsk,Khabarovsk/RU.	RU	Europe	http://www.dataix.ru	https://www.peeringdb.com/ix/358
178.18.233.0/24	DATAIX	St.Petersburg,Moscow,Ekaterinburg,Novosibirs,Omsk,Khabarovsk/RU.	RU	Europe	http://www.dataix.ru	https://www.peeringdb.com/ix/358
206.126.225.0/24	YYCIX	Calgary	CA	North America	http://yycix.ca	https://www.peeringdb.com/ix/639
103.26.71.0/24	MegaIX Melbourne	Melbourne	AU	Australia	http://www.megaport.com	https://www.peeringdb.com/ix/779
103.26.70.0/24	MegaIX Brisbane	Brisbane	AU	Australia	http://www.megaport.com	https://www.peeringdb.com/ix/781
185.1.30.0/24	B-IX	Sofia	BG	Europe	http://www.b-ix.net/	https://www.peeringdb.com/ix/326
86.104.125.0/24	INTERLAN	Bucharest	RO	Europe	http://www.interlan.ro	https://www.peeringdb.com/ix/270
206.108.115.0/24	AMS-IX Chicago	Chicago	US	North America	https://chi.ams-ix.net	https://www.peeringdb.com/ix/944
206.41.108.0/24	FL-IX	Miami	US	North America	http://www.communityix.org/index.php/about-fl-ix/	https://www.peeringdb.com/ix/954
203.163.222.0/24	TPIX-TW	Taipei/Taiwan	TW	Asia Pacific	http://www.chief.com.tw	https://www.peeringdb.com/ix/823
80.249.208.0/21	AMS-IX	Amsterdam	NL	Europe	http://www.ams-ix.net/	https://www.peeringdb.com/ix/26
206.41.110.0/24	ChIX	Chicago	US	North America	https://unitedix.net/location/chicago	https://www.peeringdb.com/ix/239
198.78.5.0/24	MiamiIX	Miami/Florida	US	North America	http://www.miamiix.net	https://www.peeringdb.com/ix/957
198.32.122.0/24	NDB	Barueri / São Paulo	BR	South America	http://www.verizon.com	https://www.peeringdb.com/ix/119
196.223.21.0/24	KIXP	Nairobi	KE	Africa		https://www.peeringdb.com/ix/236
218.100.59.0/24	ACTIX	Canberra/ACT	AU	Australia	http://www.actix.net.au	https://www.peeringdb.com/ix/288
196.223.25.0/25	UIXP	Kampala	UG	Africa	http://www.uixp.co.ug/	https://www.peeringdb.com/ix/422
206.72.208.0/24	MBIX	Winnipeg/Manitoba	CA	North America	http://www.mbix.ca	https://www.peeringdb.com/ix/703
37.49.232.0/24	France-IX Marseille	Marseille	FR	Europe	https://www.franceix.net	https://www.peeringdb.com/ix/880
103.231.152.0/22	BBIX Singapore	Singapore	SG	Asia Pacific	http://www.bbix.net/en/	https://www.peeringdb.com/ix/909
206.41.106.0/24	AMS-IX BA	San Francisco/San Jose	US	North America	http://bay.ams-ix.net	https://www.peeringdb.com/ix/935
196.223.38.0/24	DjIX	Djibouti	DJ	Africa	http://www.djiboutidatacenter.com/	https://www.peeringdb.com/ix/967
218.100.54.128/25	IX Australia ACT	Canberra/ACT	AU	Australia	http://www.ix.asn.au	https://www.peeringdb.com/ix/976
43.243.21.0/24	AKL-IX	Auckland	NZ	Australia	http://www.ix.nz	https://www.peeringdb.com/ix/977
43.243.22.0/23	MegaIX Auckland	Auckland	NZ	Australia	http://www.megaport.com	https://www.peeringdb.com/ix/984
196.10.140.0/24	NAPAfrica IX Cape Town	Cape Town	ZA	Africa	http://www.teraco.co.za	https://www.peeringdb.com/ix/597
196.10.141.0/24	NAPAfrica IX Durban	Durban	ZA	Africa	http://www.napafrica.net/napafrica-traffic/durban-internet-exchange/	https://www.peeringdb.com/ix/969
196.46.25.0/24	NAPAfrica IX Johannesburg	Johannesburg	ZA	Africa	https://www.napafrica.net	https://www.peeringdb.com/ix/592
198.32.130.0/24	CyrusOne IX Dallas	Dallas	US	North America	http://www.cyrusone.com	https://www.peeringdb.com/ix/672
198.32.96.0/23	CyrusOne IX Houston	Houston	US	North America	http://www.cyrusone.com	https://www.peeringdb.com/ix/673
198.32.98.0/24	CyrusOne IX Phoenix	Phoenix	US	North America	http://www.cyrusone.com	https://www.peeringdb.com/ix/760
103.25.228.0/24	VIX.VU	Port Vila	VU	Asia Pacific	http://vix.vu	https://www.peeringdb.com/ix/971
209.124.52.0/23	DET-IX	Detroit	US	North America	http://www.detroitix.com	https://www.peeringdb.com/ix/1006
196.11.234.0/24	angonix	Luanda	AO	Africa	http://angonix.net/	https://www.peeringdb.com/ix/1007
185.1.31.0/24	Tirol-IX	Innsbruck/Tirol	AT	Europe	http://tirol-ix.at/	https://www.peeringdb.com/ix/1009
192.108.148.0/24	SIX.SK	Bratislava	SK	Europe	http://www.six.sk/	https://www.peeringdb.com/ix/84
192.108.145.0/24	SIX.SK Košice	Košice	SK	Europe	http://www.six.sk	https://www.peeringdb.com/ix/559
196.223.12.0/24	RINEX	Kigali	RW	Africa	http://www.rinex.org.rw	https://www.peeringdb.com/ix/1032
200.1.6.0/24	NAP.EC - UIO	Quito/UIO	EC	South America	http://www.nap.ec	https://www.peeringdb.com/ix/253
103.41.12.0/22	MegaIX Singapore	Singapore	SG	Asia Pacific	http://www.megaport.com	https://www.peeringdb.com/ix/965
103.48.48.0/23	MegaIX Hong Kong	Hong Kong	HK	Asia Pacific	http://www.megaport.com	https://www.peeringdb.com/ix/1037
206.53.139.0/24	MidWest-IX	Indianapolis/Indiana	US	North America	http://www.midwest-ix.com	https://www.peeringdb.com/ix/986
200.0.17.0/24	CABASE-BUE	Buenos Aires	AR	South America	http://www.cabase.org.ar/	https://www.peeringdb.com/ix/181
185.1.35.0/24	BREM-IX	Bremen	DE	Europe	http://www.brem-ix.net/	https://www.peeringdb.com/ix/796
194.30.187.0/24	NIX.SK	Bratislava	SK	Europe	http://www.nix.sk	https://www.peeringdb.com/ix/299
200.115.81.0/24	CABASE-LPL	La Plata	AR	South America	http://www.cabase.org.ar	https://www.peeringdb.com/ix/904
200.115.83.0/24	CABASE-POS	Posadas	AR	South America	http://www.cabase.org.ar/	https://www.peeringdb.com/ix/911
200.0.19.0/24	CABASE-NQN	Neuquén	AR	South America	http://www.cabase.org.ar/	https://www.peeringdb.com/ix/930
200.13.83.0/24	CABASE-ROS	Rosario	AR	South America	http://www.cabase.org.ar/	https://www.peeringdb.com/ix/945
200.14.37.0/24	CABASE-BHB	Bahía Blanca	AR	South America	http://www.cabase.org.ar/	https://www.peeringdb.com/ix/1066
200.14.75.0/24	CABASE-COR	Córdoba	AR	South America		https://www.peeringdb.com/ix/1067
200.14.39.0/24	CABASE-DLC	De La Costa	AR	South America	http://www.cabase.org.ar/	https://www.peeringdb.com/ix/1068
200.115.82.0/24	CABASE-MDQ	Mar Del Plata	AR	South America	http://www.cabase.org.ar/	https://www.peeringdb.com/ix/1069
200.14.38.0/24	CABASE-MZA	Mendoza	AR	South America	http://www.cabase.org.ar/	https://www.peeringdb.com/ix/1070
200.115.84.0/24	CABASE-PMY	Puerto Madryn	AR	South America	http://www.cabase.org.ar/	https://www.peeringdb.com/ix/1071
200.14.74.0/24	CABASE-SFE	Santa Fe	AR	South America	http://www.cabase.org.ar/	https://www.peeringdb.com/ix/1072
206.53.143.0/24	Mass-IX	Boston	US	North America	http://www.mass-ix.net	https://www.peeringdb.com/ix/1086
109.239.136.0/23	Global-IX	Saint Petersburg	RU	Europe	http://global-ix.ru/en	https://www.peeringdb.com/ix/1088
123.255.88.0/21	HKIX	Hong Kong	HK	Asia Pacific	http://www.hkix.net/	https://www.peeringdb.com/ix/42
210.173.176.0/24	JPNAP Tokyo	Tokyo	JP	Asia Pacific	http://www.jpnap.net/english/	https://www.peeringdb.com/ix/95
218.100.45.0/24	JPNAP Tokyo 2	Tokyo	JP	Asia Pacific	http://www.mfeed.ad.jp	https://www.peeringdb.com/ix/211
185.1.43.0/24	SAIX	Salzburg	AT	Europe	https://www.saix.at/	https://www.peeringdb.com/ix/1073
80.94.94.0/23	GE-CIX	Zurich	CH	Europe	http://www.ge-cix.net/	https://www.peeringdb.com/ix/1094
103.54.2.0/23	IIX-RI	Pekanbaru / Riau	ID	Asia Pacific	http://www.wanxp.net.id	https://www.peeringdb.com/ix/1095
210.173.178.0/25	JPNAP Osaka	Osaka	JP	Asia Pacific	http://www.mfeed.co.jp/english/	https://www.peeringdb.com/ix/145
195.191.170.0/23	EPIX.Katowice	Katowice/Silesia	PL	Europe	http://www.epix.net.pl/	https://www.peeringdb.com/ix/491
195.140.192.0/24	TREX	Tampere	FI	Europe	http://www.trex.fi/	https://www.peeringdb.com/ix/328
203.159.68.0/23	BKNIX	Bangkok	TH	Asia Pacific	https://bknix.co.th	https://www.peeringdb.com/ix/1025
194.254.208.128/27	MARTINIX	Fort-de-France	MQ	Europe	https://www.renater.fr/martinix	https://www.peeringdb.com/ix/1127
198.32.231.128/25	npIX	Kathmandu	NP	Asia Pacific	http://www.npix.net.np/index.html	https://www.peeringdb.com/ix/241
198.32.231.0/25	npIX	Kathmandu	NP	Asia Pacific	http://www.npix.net.np/index.html	https://www.peeringdb.com/ix/241
206.53.140.0/24	YEGIX	Edmonton	CA	North America	http://www.yegix.ca/	https://www.peeringdb.com/ix/1169
185.1.45.0/24	KIVIX	Chisinau	MD	Europe		https://www.peeringdb.com/ix/1171
80.97.248.0/23	Balcan-IX	Bucharest	RO	Europe	http://www.balcan-ix.net	https://www.peeringdb.com/ix/372
213.162.194.0/24	NIXVAL-ix	Valencia	ES	Europe	https://www.nixval.com/en/internet-exchange/	https://www.peeringdb.com/ix/1160
106.48.34.0/23	CHN-IX Beijing	Beijing	CN	Asia Pacific	http://www.chn-ix.net	https://www.peeringdb.com/ix/1172
185.1.4.0/24	POZIX	Poznan	PL	Europe	http://www.pozix.pl/	https://www.peeringdb.com/ix/230
206.53.171.0/24	MegaIX Seattle	Seattle	US	North America	https://www.megaport.com	https://www.peeringdb.com/ix/1174
206.53.172.0/24	MegaIX Los Angeles	Los Angeles	US	North America	https://www.megaport.com	https://www.peeringdb.com/ix/1175
206.53.169.0/24	MegaIX Bay Area	San Jose	US	North America	https://www.megaport.com	https://www.peeringdb.com/ix/1176
206.53.168.0/24	MegaIX Chicago	Chicago	US	North America	https://www.megaport.com	https://www.peeringdb.com/ix/1177
206.53.170.0/24	MegaIX Ashburn	Ashburn	US	North America	https://www.megaport.com	https://www.peeringdb.com/ix/1178
206.53.174.0/24	MegaIX Dallas	Dallas	US	North America	https://www.megaport.com	https://www.peeringdb.com/ix/1180
103.14.9.0/24	SYMC-IX	Bangkok	TH	Asia Pacific	http://www.symphony.net.th	https://www.peeringdb.com/ix/1187
195.130.211.0/26	RIX	Reykjavik	IS	Europe	https://www.rix.is/	https://www.peeringdb.com/ix/228
206.53.175.0/24	IX-Denver	Denver	US	North America	http://ix-denver.org	https://www.peeringdb.com/ix/1207
206.53.200.0/24	MGMix Montgomery	Montgomery	US	North America	http://www.mgmix.net	https://www.peeringdb.com/ix/1212
185.1.58.0/24	DE-CIX Dusseldorf	Düsseldorf	DE	Europe	https://www.de-cix.net/locations/germany/dusseldorf	https://www.peeringdb.com/ix/1214
27.111.228.0/22	Equinix Singapore	Singapore	SG	Asia Pacific	https://ix.equinix.com	https://www.peeringdb.com/ix/158
185.1.23.0/24	CODIX	Saint-Petersburg	RU	Europe	http://miran.ru	https://www.peeringdb.com/ix/1229
195.208.208.0/21	MSK-IX Moscow	Moscow	RU	Europe	http://www.msk-ix.ru/en	https://www.peeringdb.com/ix/100
195.246.227.0/24	SMILE-LV	Riga	LV	Europe	http://www.smile-ixp.net/	https://www.peeringdb.com/ix/364
192.145.251.0/24	KINX	Seoul	KR	Asia Pacific	http://www.kinx.net	https://www.peeringdb.com/ix/52
185.1.2.0/25	AuvernIX	Clermont-Ferrand	FR	Europe	http://www.auvernix.org	https://www.peeringdb.com/ix/1019
193.106.112.0/24	W-IX	moscow	RU	Europe	http://www.w-ix.ru	https://www.peeringdb.com/ix/1242
206.53.202.0/24	DE-CIX Dallas	Dallas	US	North America	https://www.de-cix.net/locations/united-states/dallas	https://www.peeringdb.com/ix/1249
195.85.217.0/24	N-IX	Nuernberg	DE	Europe	http://www.n-ix.net	https://www.peeringdb.com/ix/135
196.223.30.0/24	DINX	Durban	ZA	Africa	http://www.ispa.org.za/	https://www.peeringdb.com/ix/610
185.1.69.0/24	INEX Cork	Cork	IE	Europe	https://www.inex.ie	https://www.peeringdb.com/ix/1262
185.1.13.0/24	RED-IX	Krasnoyarsk	RU	Europe	http://webra.ru	https://www.peeringdb.com/ix/876
217.117.187.0/24	KRS-IX	Krasnoyarsk	RU	Europe	http://www.krs-ix.ru	https://www.peeringdb.com/ix/529
185.1.25.0/24	BR-IX	Brno	CZ	Europe	http://www.br-ix.cz	https://www.peeringdb.com/ix/864
185.1.68.0/24	DE-CIX Madrid	Madrid	ES	Europe	https://www.de-cix.net/locations/spain/madrid	https://www.peeringdb.com/ix/1277
187.16.204.0/24	IX.br (PTT.br) Foz do Iguaçu	Foz do Iguaçu/PR	BR	South America	http://ix.br/	https://www.peeringdb.com/ix/1276
106.48.36.0/23	CHN-IX Guangzhou	Guangzhou	CN	Asia Pacific	http://www.chn-ix.net	https://www.peeringdb.com/ix/1284
206.41.104.0/24	VANIX	Vancouver	CA	North America	http://www.vanix.ca	https://www.peeringdb.com/ix/863
185.1.2.128/25	AuvernIX	Clermont-Ferrand	FR	Europe	http://www.auvernix.org	https://www.peeringdb.com/ix/1019
218.100.48.0/26	NIXI Delhi	Delhi	IN	Asia Pacific	http://www.nixi.in	https://www.peeringdb.com/ix/198
206.53.203.0/24	MegaIX Toronto	Toronto	CA	North America	http://www.megaport.com	https://www.peeringdb.com/ix/1307
185.1.62.0/23	GigaNET	Kiev	UA	Europe	http://giganet.ua/en	https://www.peeringdb.com/ix/655
185.1.71.0/25	IX Liverpool	Liverpool	GB	Europe	http://www.ixliverpool.net	https://www.peeringdb.com/ix/1302
185.1.71.128/25	IX Liverpool	Liverpool	GB	Europe	http://www.ixliverpool.net	https://www.peeringdb.com/ix/1302
195.69.117.0/24	Netnod COMIX	Malmo / Copenhagen	SE	Europe	http://www.netnod.se	https://www.peeringdb.com/ix/193
195.69.118.0/24	Netnod COMIX	Malmo / Copenhagen	SE	Europe	http://www.netnod.se	https://www.peeringdb.com/ix/193
37.77.32.0/20	Hopus	Paris/Lyon/Geneva	FR	Europe	http://hopus.net/	https://www.peeringdb.com/ix/1320
45.120.248.0/24	Extreme IX	New Delhi	IN	Asia Pacific	http://extreme-ix.com	https://www.peeringdb.com/ix/1323
198.32.72.0/24	Doha-IX	Doha	QA	Middle East	http://www.doha-ix.qa	https://www.peeringdb.com/ix/1304
206.41.109.0/24	TahoeIX	Northern Nevada	US	North America	http://www.tahoeix.org	https://www.peeringdb.com/ix/938
185.1.32.0/24	DF-IX	The Hague	NL	Europe	http://www.df-ix.net	https://www.peeringdb.com/ix/1308
185.1.54.0/24	United Peering - UP-IXP	Wuppertal	DE	Europe	https://united-peering.net/	https://www.peeringdb.com/ix/1156
196.223.41.0/24	MGIX	Antananarivo	MG	Africa	http://www.mgix.mg	https://www.peeringdb.com/ix/1335
185.1.67.0/24	EURASIA:peering	Moscow	RU	Europe	http://eurasiapeering.com/	https://www.peeringdb.com/ix/1319
115.42.32.0/24	JetPeer IX	Mumbai	IN	Asia Pacific	http://www.jetpeer.in	https://www.peeringdb.com/ix/1341
103.216.40.0/23	China Internet Exchange	Beijing	CN	Asia Pacific	http://www.cnix.com.cn	https://www.peeringdb.com/ix/1303
192.38.7.248/32	DIX	Copenhagen	DK	Europe	http://www.dix.dk/	https://www.peeringdb.com/ix/78
192.38.7.249/32	DIX	Copenhagen	DK	Europe	http://www.dix.dk/	https://www.peeringdb.com/ix/78
185.91.96.0/22	Beirut IX	Beirut	LB	Middle East	http://www.beirutix.net	https://www.peeringdb.com/ix/1354
103.27.170.0/32	Mumbai CH	Mumbai	IN	Asia Pacific	http://www.mumbaich.com	https://www.peeringdb.com/ix/832
91.212.9.0/24	EPIX.Warszawa-KIX	Warszawa	PL	Europe	http://www.epix.net.pl/	https://www.peeringdb.com/ix/474
106.48.38.0/23	CHN-IX Shanghai	Shanghai	CN	Asia Pacific	http://www.chn-ix.net	https://www.peeringdb.com/ix/1375
185.1.52.0/24	DataLine-IX	Moscow	RU	Europe	http://www.dtln.ru/en/services/telecom/dataline-ix	https://www.peeringdb.com/ix/1387
193.110.226.0/24	FICIX Espoo	Espoo	FI	Europe	http://www.ficix.fi	https://www.peeringdb.com/ix/1332
193.110.225.0/24	FICIX Oulu	Oulu	FI	Europe	http://www.ficix.fi/	https://www.peeringdb.com/ix/492
193.110.227.32/27	FICIX Espoo	Espoo	FI	Europe	http://www.ficix.fi	https://www.peeringdb.com/ix/1332
193.110.227.64/27	FICIX Helsinki	Helsinki	FI	Europe	http://www.ficix.fi/	https://www.peeringdb.com/ix/98
193.110.227.96/27	FICIX Oulu	Oulu	FI	Europe	http://www.ficix.fi/	https://www.peeringdb.com/ix/492
185.1.74.0/26	Community-IX	Berlin	DE	Europe	http://www.community-ix.de/	https://www.peeringdb.com/ix/1329
183.177.61.0/24	Equinix Melbourne	Melbourne	AU	Australia	https://ix.equinix.com	https://www.peeringdb.com/ix/1026
203.190.227.0/24	Equinix Osaka	Osaka	JP	Asia Pacific	http://www.equinix.co.jp/	https://www.peeringdb.com/ix/948
185.1.47.0/24	DE-CIX Marseille	Marseille	FR	Europe	https://www.de-cix.net/locations/france/marseille	https://www.peeringdb.com/ix/1149
185.1.61.0/24	BW-IX Karlsruhe	Karlsruhe	DE	Europe	http://www.bw-ix.net/	https://www.peeringdb.com/ix/1421
196.223.40.0/24	BENIN-IX	Cotonou	BJ	Africa	http://www.benin-ix.org.bj	https://www.peeringdb.com/ix/1017
196.201.2.0/24	GIXA	Accra	GH	Africa	http://www.gixa.org.gh	https://www.peeringdb.com/ix/694
196.49.14.0/24	GIXA	Accra	GH	Africa	http://www.gixa.org.gh	https://www.peeringdb.com/ix/694
178.18.226.0/23	DATAIX	St.Petersburg,Moscow,Ekaterinburg,Novosibirs,Omsk,Khabarovsk/RU.	RU	Europe	http://www.dataix.ru	https://www.peeringdb.com/ix/358
178.18.228.0/23	DATAIX	St.Petersburg,Moscow,Ekaterinburg,Novosibirs,Omsk,Khabarovsk/RU.	RU	Europe	http://www.dataix.ru	https://www.peeringdb.com/ix/358
178.18.231.0/24	DATAIX	St.Petersburg,Moscow,Ekaterinburg,Novosibirs,Omsk,Khabarovsk/RU.	RU	Europe	http://www.dataix.ru	https://www.peeringdb.com/ix/358
178.18.235.0/24	DATAIX	St.Petersburg,Moscow,Ekaterinburg,Novosibirs,Omsk,Khabarovsk/RU.	RU	Europe	http://www.dataix.ru	https://www.peeringdb.com/ix/358
178.18.224.0/22	DATAIX	St.Petersburg,Moscow,Ekaterinburg,Novosibirs,Omsk,Khabarovsk/RU.	RU	Europe	http://www.dataix.ru	https://www.peeringdb.com/ix/358
194.226.100.0/23	MSK-IX Saint-Petersburg	Saint-Petersburg	RU	Europe	http://www.msk-ix.ru/en/ix/spb	https://www.peeringdb.com/ix/107
194.226.102.0/23	MSK-IX Saint-Petersburg	Saint-Petersburg	RU	Europe	http://www.msk-ix.ru/en/ix/spb	https://www.peeringdb.com/ix/107
194.85.177.0/24	MSK-IX Stavropol	Stavropol	RU	Europe	http://www.msk-ix.ru/en/ix/stw	https://www.peeringdb.com/ix/580
193.232.136.0/24	MSK-IX Vladivostok	Vladivostok	RU	Asia Pacific	http://www.msk-ix.ru/en/ix/vlv	https://www.peeringdb.com/ix/378
194.68.130.0/24	Netnod Gothenburg	Gothenburg	SE	Europe	http://www.netnod.se	https://www.peeringdb.com/ix/192
195.69.116.0/24	Netnod Gothenburg	Gothenburg	SE	Europe	http://www.netnod.se	https://www.peeringdb.com/ix/192
194.68.131.64/26	Netnod Lulea	Lulea	SE	Europe	http://www.netnod.se	https://www.peeringdb.com/ix/257
194.68.131.128/26	Netnod Lulea	Lulea	SE	Europe	http://www.netnod.se	https://www.peeringdb.com/ix/257
194.68.133.0/24	Netnod Sundsvall	Sundsvall	SE	Europe	http://www.netnod.se	https://www.peeringdb.com/ix/194
194.68.135.0/24	Netnod Sundsvall	Sundsvall	SE	Europe	http://www.netnod.se	https://www.peeringdb.com/ix/194
202.12.243.0/24	MegaIX Perth	Perth	AU	Australia	https://www.megaport.com	https://www.peeringdb.com/ix/1235
49.0.0.0/24	IIX	Jakarta	ID	Asia Pacific	http://www.iix.net.id	https://www.peeringdb.com/ix/210
49.0.1.0/24	IIX	Jakarta	ID	Asia Pacific	http://www.iix.net.id	https://www.peeringdb.com/ix/210
49.0.2.0/24	IIX	Jakarta	ID	Asia Pacific	http://www.iix.net.id	https://www.peeringdb.com/ix/210
49.0.0.0/22	IIX	Jakarta	ID	Asia Pacific	http://www.iix.net.id	https://www.peeringdb.com/ix/210
103.18.78.0/23	IIX	Jakarta	ID	Asia Pacific	http://www.iix.net.id	https://www.peeringdb.com/ix/210
103.31.232.0/24	IIX	Jakarta	ID	Asia Pacific	http://www.iix.net.id	https://www.peeringdb.com/ix/210
202.73.24.0/24	IIX	Jakarta	ID	Asia Pacific	http://www.iix.net.id	https://www.peeringdb.com/ix/210
103.55.24.0/22	IIX	Jakarta	ID	Asia Pacific	http://www.iix.net.id	https://www.peeringdb.com/ix/210
103.203.158.0/23	BBIX Hong Kong	Hong Kong	HK	Asia Pacific	http://www.bbix.net/en/	https://www.peeringdb.com/ix/1449
185.167.180.0/22	UNIFI-IX	London	GB	Europe	http://www.unifi-ix.net	https://www.peeringdb.com/ix/1469
206.223.124.128/25	NAP-CO	Bogota	CO	South America	http://nap.co	https://www.peeringdb.com/ix/252
103.203.156.0/23	Asia Smart IX [BBIX Asia]	Tokyo	JP	Asia Pacific	http://www.bbix.net/en	https://www.peeringdb.com/ix/1468
103.42.120.0/23	TransIX Network	Jakarta	ID	Asia Pacific	http://transhybrid.net.id	https://www.peeringdb.com/ix/1054
103.42.121.0/24	TransIX Network	Jakarta	ID	Asia Pacific	http://transhybrid.net.id	https://www.peeringdb.com/ix/1054
103.42.120.0/24	TransIX Network	Jakarta	ID	Asia Pacific	http://transhybrid.net.id	https://www.peeringdb.com/ix/1054
103.42.120.0/22	TransIX Network	Jakarta	ID	Asia Pacific	http://transhybrid.net.id	https://www.peeringdb.com/ix/1054
58.147.184.0/21	TransIX Network	Jakarta	ID	Asia Pacific	http://transhybrid.net.id	https://www.peeringdb.com/ix/1054
200.115.85.0/24	CABASE-BRC	Bariloche	AR	South America	http://www.cabase.org.ar	https://www.peeringdb.com/ix/1487
200.115.80.0/24	CABASE-JUN	Junin	AR	South America	http://www.cabase.org.ar	https://www.peeringdb.com/ix/1480
138.204.247.0/24	CABASE-NGB	Pilar	AR	South America	http://www.cabase.org.ar	https://www.peeringdb.com/ix/1484
138.204.245.0/24	CABASE-PER	Pergamino	AR	South America	http://www.cabase.org.ar	https://www.peeringdb.com/ix/1482
138.204.248.0/24	CABASE-SZP	Saenz Peña/Chaco	AR	South America	http://www.cabase.org.ar	https://www.peeringdb.com/ix/1485
138.204.246.0/24	CABASE-TUC	Tucuman	AR	South America	http://www.cabase.org.ar	https://www.peeringdb.com/ix/1483
138.204.244.0/24	CABASE-SLU	San Luis	AR	South America	http://www.cabase.org.ar	https://www.peeringdb.com/ix/1481
138.204.249.0/24	CABASE-SLA	Salta	AR	South America	http://www.cabase.org.ar	https://www.peeringdb.com/ix/1486
200.107.83.0/24	CRIX	San Jose	CR	North America	https://www.crix.cr/	https://www.peeringdb.com/ix/1023
